{
        "Cluster": "eap-qa-worker",
        "ContainerInstanceARN": "arn:aws:ecs:eu-west-1:060725138335:container-instance/2ce63748-8d4d-4a6d-b193-f766f0f0b74d",
        "TaskARN": "arn:aws:ecs:eu-west-1:060725138335:task/4466d87f-4020-4f0e-84a8-4281d22eca1d",
        "ContainerID": "3a66cd86fa650625bff5784be8a8b44214143743d36959016cc389d35cf41c46",
        "ContainerName": "eap-qa-schedule-AWDk75PcG10pR3AfHcrr-Test",
        "DockerContainerName": "/ecs-eap-qa-schedule-AWDk75PcG10pR3AfHcrr-Test-2-eap-qa-schedule-AWDk75PcG10pR3AfHcrr-Test-928494b2cbecb698d201",
        "ImageID": "sha256:3259b50eb4f846200fd6e15bfde89a7c39ad63793959499c254668a4ef24e2ad",
        "ImageName": "060725138335.dkr.ecr.eu-west-1.amazonaws.com/eap/qa/automations/demo-automation-ci:1.0.0",
        "Networks": [
                {
                        "NetworkMode": "host",
                        "IPv4Addresses": [
                                ""
                        ]
                }
        ],
        "MetadataFileStatus": "READY"
}