{
  "environment": "dev",
  "web": "https://eap.dev.emea.tr-corporate-nonprod.aws-int.thomsonreuters.com",
  "web_internal": "https://eap.dev.emea.gov.tr-corporate-nonprod.aws-int.thomsonreuters.com",
  "elasticsearch": {
    "url": "https://search-eap-dev-es-4sxm7vc6twhpiorycipssnklve.eu-west-1.es.amazonaws.com",
    "region": "eu-west-1"
  },
  "ecr": "060725138335.dkr.ecr.eu-west-1.amazonaws.com",
  "governance_cluster": "eap-dev-governance",
  "worker_cluster": "eap-dev-worker",
  "aws_account_id": "060725138335",
  "elektron": "https://eap.dev.emea.sw.tr-corporate-nonprod.aws-int.thomsonreuters.com:5556",
  "fileconversion": "https://eap.dev.emea.sw.tr-corporate-nonprod.aws-int.thomsonreuters.com:5557",
  "dataBucket": "eap-dev-infra-eu-west-1-data",
  "notification": {
    "topicPrefix": "eap-dev-storage-notification-",
    "commandTopicPrefix": "eap-dev-command-notification-",
    "receiveWaitSeconds": 20
  },
  "usnprefixes": {
    "emea": "EMD",
    "amers": "EMD",
    "apac": "EMD"
  },
  "AwsTokenAuthentication": {
    "Issuer": "https://cognito-idp.eu-west-1.amazonaws.com/eu-west-1_BQCtprmlG",
    "Audience": "16lpe17orp360n2j663bqiel1l",
    "KeysUri": "https://cognito-idp.eu-west-1.amazonaws.com/eu-west-1_BQCtprmlG/.well-known/jwks.json",
    "AuthBaseUrl": "https://eap-nonprod.auth.eu-west-1.amazoncognito.com"
  },
  "AuthenticationOptions": {
    "PrimaryTokenAuthenticationParams": {
      "Issuer": "https://cognito-idp.eu-west-1.amazonaws.com/eu-west-1_BQCtprmlG",
      "Audience": "16lpe17orp360n2j663bqiel1l",
      "KeysUri": "https://cognito-idp.eu-west-1.amazonaws.com/eu-west-1_BQCtprmlG/.well-known/jwks.json",
      "AuthBaseUrl": "https://eap-nonprod.auth.eu-west-1.amazoncognito.com"
    },
    "SecondaryTokenAuthenticationParams": [
      {
        "Issuer": "https://cognito-idp.us-east-1.amazonaws.com/us-east-1_23AO3FDiA",
        "Audience": "3n7b77m4jj2nntj9ifnolvmm4v",
        "KeysUri": "https://cognito-idp.us-east-1.amazonaws.com/us-east-1_23AO3FDiA/.well-known/jwks.json",
        "AuthBaseUrl": "https://eap-nonprod.auth.us-east-1.amazoncognito.com"
      },
      {
        "Issuer": "https://cognito-idp.ap-southeast-2.amazonaws.com/ap-southeast-2_9k3gfpwRt",
        "Audience": "32fi6u9k7ih6ri32b49irg1bul",
        "KeysUri": "https://cognito-idp.ap-southeast-2.amazonaws.com/ap-southeast-2_9k3gfpwRt/.well-known/jwks.json",
        "AuthBaseUrl": "https://eap-nonprod.auth.ap-southeast-2.amazoncognito.com"
      }
    ],
    "SphinxTokenAuthenticationParams": {
      "Issuers": [
        "https://sphinx-ci.thomsonreuters.com"
      ],
      "Audiences": [
        "alerting-ci@sphinx-ci"
      ],
      "KeysUri": "https://hu95s8ezef.execute-api.eu-west-1.amazonaws.com/stage/jwks",
      "XApiKey": "lerMd75PSseOASO1Wx7FNboNOfpyTz8nkUX0Cd30"
    }
  },
  "IdentityDomains": [
    "np.news.reuters.com",
    "np.allreleases.net",
    "allreleases.net",
    "news.reuters.com",
    "fast.emsure.com"
  ],
  "ecrRegion": "default",
  "Automation": {
    "ucdpPublication": {
      "clientId": "eap",
      "feedId": "news_eap",
      "messagePriority": 1,
      "waitForConnectionMilliseconds": 30000
    }
  },
  "PublicationEndpoints": {
    "eu-west-1": "https://eap.dev.emea.tr-corporate-nonprod.aws-int.thomsonreuters.com",
    "us-east-1": "https://eap.dev.amers.tr-corporate-nonprod.aws-int.thomsonreuters.com",
    "ap-southeast-1": "https://eap.dev.apac.tr-corporate-nonprod.aws-int.thomsonreuters.com"
  },
  "LanguageConversionUrl": "https://eap.dev.emea.sw.tr-corporate-nonprod.aws-int.thomsonreuters.com:5558",
  "AwsResourceTags": [
    {
      "key": "tr:application-asset-insight-id",
      "value": "204821"
    },
    {
      "key": "tr:environment-type",
      "value": "dev"
    },
    {
      "key": "tr:financial-identifier",
      "value": "525603408"
    },
    {
      "key": "tr:resource-owner",
      "value": "eapdevops@thomson.com"
    },
    {
      "key": "tr:project-name",
      "value": "EAP"
    },
    {
      "key": "eap:environment-type",
      "value": "dev"
    }
  ],
  "SqsRedrivePolicy": {
    "MaximumReceives": "5",
    "DeadLetterQueueNamePostfix": "-deadletter"
  },
  "UcdpFeedHandlerUrl": "https://eap.dev.emea.gov.tr-corporate-nonprod.aws-int.thomsonreuters.com:443",
  "TemplateServiceUrl": "https://eap.dev.emea.tr-corporate-nonprod.aws-int.thomsonreuters.com/template",
  "UsnCorrections": {
    "zhcn": {
      "languageCode": "zhCN",
      "usn": "S"
    },
    "zhtw": {
      "languageCode": "zhTW",
      "usn": "T"
    },
    "zh": {
      "languageCode": "zhTW",
      "usn": "T"
    }
  }
}