{
  "automation": {
    "uuid": "8618585b-376e-4dc9-b44d-7bed20bb683f",
    "type": "emsure-automation",
    "name": "IndiaCBankWklyStats",
    "version": "1.0.0",
    "docker": {
      "image": "indiacbankwklystats-automation",
      "tag": "1.0.0"
    }
  },
  "build": {
    "type": "docker",
    "docker": {
      "src_root": "src",
      "docker_file": "Dockerfile",
      "image": "indiacbankwklystats-automation",
      "updatelatest": true
    }
  },
  "configuration": [
    {
      "env": "dev",
      "files": [
        {
          "path": "config/workflow_dev.config",
          "alias": "workflow",
          "hash": "c8fc77fcb9a63fe1131f2fb0d09a773a"
        }
      ]
    }
  ],
  "userdata": {
    "namevaluepairs": [
      {
        "caption": "Release week",
        "description": "Automation will look for the given week date from the website for filling, Should be of previous week\n\neg: If release date is 24-April-2015, the value would be 17-April-2015",
        "value": "15-January-2021",
        "key": "RELEASE_PERIOD_WEEKLY_DD-MMM-YYYY"
      },
      {
        "caption": "Mapped USN for APAC_PUBLISHER_LOAN_ADV agent",
        "description": "Mapped USN for APAC_PUBLISHER_LOAN_ADV agent",
        "value": "ENNI8E0SV",
        "key": "USN_APAC_DEFAULT_LOAN_ADV"
      },
      {
        "caption": "Indian currency",
        "description": "$1 equivalent Indian currency in rupees",
        "value": "",
        "key": "REUTERSCURRENCY_INR"
      },
      {
        "caption": "Mapped USN for APAC_PUBLISHER_BANK agent",
        "description": "Mapped USN for APAC_PUBLISHER_BANK agent",
        "value": "ENNI8E0SW",
        "key": "USN_APAC_DEFAULT_BANK"
      },
      {
        "caption": "Mapped USN for APAC_PUBLISHER_OMO agent",
        "description": "Mapped USN for APAC_PUBLISHER_OMO agent",
        "value": "ENNI8E0SX",
        "key": "USN_APAC_DEFAULT_OMO"
      },
      {
        "caption": "Mapped USN for APAC_PUBLISHER_FOREX agent",
        "description": "Mapped USN for APAC_PUBLISHER_FOREX agent",
        "value": "ENNI8E0SY",
        "key": "USN_APAC_DEFAULT_FOREX"
      },
      {
        "caption": "PREVIOUS WEEK DATE",
        "description": "Automation requires previous week date for story filling\nShould be of previous to previous week\n\neg: If release date is 24-April-2015, the value would be 10-April-2015",
        "value": "08-January-2021",
        "key": "PREVIOUS_WEEK_DD-MMM-YYYY"
      },
      {
        "caption": "PREVIOUS WEEK VALUE FOR FOREX RESERVE",
        "description": "Automation requires values for story filling.",
        "value": "TOTAL RESERVE||||586082\nFOREIGN CURRENCY||||541791\nGOLD||||37594\nSDR||||1515\nRESERVE POSITION IN IMF||||5181",
        "key": "PREVIOUS_WEEK_VALUE_FOR_FOREX-RESERVE"
      },
      {
        "caption": "FORCE_FILE_FOR_QA",
        "description": "Leave it empty else Set the value for above other settings and according to that set the Url here for which you need to test in below format.\n\nData_Released_Date_dd-MM-yy|Released_Url\ne.g.14-02-20|https://www.rbi.org.in/Scripts/BS_PressReleaseDisplay.aspx?prid=49403",
        "value": "",
        "key": "FORCE_FILE_FOR_QA"
      },
      {
        "caption": "Enable predicted URL",
        "description": "If the value is\"YES/yes\" automation will run with predicted url. Predicted urls are those whose add query string(?prid=XXXXX) at the end of poll urls\n\nExample\nPoll url :  https://www.rbi.org.in/Scripts/BS_PressReleaseDisplay.aspx\nPredicted URL : https://www.rbi.org.in/Scripts/BS_PressReleaseDisplay.aspx?prid=37242\n\nValue can be yes/no\nDefault : NO",
        "value": "yes",
        "key": "ENABLE_PREDICTED_URL"
      },
      {
        "caption": "Send LLM alerts as Handbrake?",
        "description": "Set to YES if AI alerts needs to be sent as Handbrake set to NO",
        "value": "YES",
        "key": "ENABLE_LLM_HANDBRAKE_YES_NO"
      },
      {
        "caption": "Prompt to send request to LLM. DO NOT CHANGE",
        "description": "This prompt is sent to core LLM to get AI based response. DO NOT CHANGE",
        "value": "{\r\n  \"Fields\": [\r\n    {\r\n      \"FieldName\": \"CentralGovtOutstandingLoans\",\r\n      \"Prompt\": \"{Release_Week} Central Government Outstanding Loan, Keep 'NO OUTSTANDING' if it is blank or zero\",\r\n      \"Type\": \"string\"\r\n    },\r\n    {\r\n      \"FieldName\": \"LatestDateLiabilitiesAssets\",\r\n      \"Prompt\": \"latest date mentioned in the 'Liabilities and Assets' section from the provided data. Ensure that the date is the most recent one listed for {Year}, not the second oldest\",\r\n      \"Type\": \"string\"\r\n    },\r\n    {\r\n      \"FieldName\": \"BankCreditOutstandingAsofDate\",\r\n      \"Prompt\": \"Bank Credit Outstanding as of date\",\r\n      \"Type\": \"string\"\r\n    },\r\n    {\r\n      \"FieldName\": \"AggregateDeopositsOutstandingAsofDate\",\r\n      \"Prompt\": \"Aggregate Deposits Outstanding as of date\",\r\n      \"Type\": \"string\"\r\n    },\r\n    {\r\n      \"FieldName\": \"GrowthPercent\",\r\n      \"Prompt\": \"Get all values from Scheduled Commercial Banks - Business in India table\",\r\n      \"Type\": \"a json object with following keys\",\r\n      \"NestedFields\": [\r\n        {\r\n          \"FieldName\": \"AggregateDeposits\",\r\n          \"Prompt\": \"Take aggreate deposits Growth (percent) value for year on year column for year {Year}\",\r\n          \"Type\": \"string\"\r\n        },\r\n        {\r\n          \"FieldName\": \"BankCredit\",\r\n          \"Prompt\": \"Bank Credit Growth (percent) value for year on year column for year {Year}\",\r\n          \"Type\": \"string\"\r\n        }\r\n      ]\r\n    },\r\n    {\r\n      \"FieldName\": \"TotalForexReserves\",\r\n      \"Prompt\": \"{Release_Week} total Forex Reserves provided in US$ Mn.\",\r\n      \"Type\": \"string\"\r\n    },\r\n    {\r\n      \"FieldName\": \"TotalForexReservesDate\",\r\n      \"Prompt\": \"Latest Forex Reserves publication date from table\",\r\n      \"Type\": \"string\"\r\n    },\r\n    {\r\n      \"FieldName\": \"OMOOutrights\",\r\n      \"Prompt\": \"Get all values from OMO (Outright) column of Liquidity Operations by RBI table\",\r\n      \"Type\": \"a json list with the following keys\",\r\n      \"NestedFields\": [\r\n        {\r\n          \"FieldName\": \"LastestPurchaseAsOfDate\",\r\n          \"Prompt\": \"Extract latest date from Liquidity Operations by RBI table on which Sale / Purchase has happened\",\r\n          \"Type\": \"string\"\r\n        },\r\n        {\r\n          \"FieldName\": \"SalesUnderOMO\",\r\n          \"Prompt\": \"Extract Sale value from Liquidity Operations by RBI table under Sale column.(last 4th column, data is separated by @@@@)\",\r\n          \"Type\": \"int\"\r\n        },\r\n        {\r\n          \"FieldName\": \"PurchaseUnderOMO\",\r\n          \"Prompt\": \"Take a purchase value in int form, from Liquidity Operations by RBI table under Purchase column(last 3rd column, data is separated by @@@@)\",\r\n          \"Type\": \"int\"\r\n        }\r\n      ]\r\n    }\r\n  ]\r\n}",
        "key": "LLM_PROMPT"
      },
	  {
		"caption": "Force filling link. Empty during live run.",
		"description": "This is the force filing link form the press release page. The inner links will be grabbed from here. Sample Url: https://website.rbi.org.in/web/rbi/press-releases",
		"value": "",
		"key": "FORCE_FILE_PRESSRELEASE_URL"
	  },
	  {
		"caption": "Force filling link. Empty during live run.",
		"description": "This is the force filing link form the press release page. The inner links will be grabbed from here. Sample Url: https://website.rbi.org.in/web/rbi",
		"value": "",
		"key": "FORCE_FILE_RBIHOME_URL"
	  }
    ]
  },
  "schedules": [
    {
      "envs": [
        "prd",
        "stg"
      ],
      "regions": [
        "EMEA"
      ],
      "deployment_type": "once",
      "path": "schedule.json"
    },
    {
      "envs": [
        "qa"
      ],
      "regions": [
        "EMEA"
      ],
      "deployment_type": "once",
      "path": "schedule.json"
    },
    {
      "envs": [
        "dev"
      ],
      "regions": [
        "EMEA"
      ],
      "deployment_type": "once",
      "path": "schedule-dev.json"
    }
  ]
}