{
  "enabled": true,
  "schedule": {
    "starttime": "15:50:00",
    "endtime": "19:10:00",
    "startdate": "2019-03-28T00:00:00Z",
    "isregularrelease": true,
    "regularrelease": {
      "type": "Weekly",
      "weekly": {
        "days": [
          "friday"
        ]
      }
    },
    "timezone": "Asia/Kolkata"
  },
  "deployment": {
    "publicationregion": "eu-west-1",
    "environment": [
      {
        "key": "OUTPUT_ENABLED",
        "value": "true"
      }
    ]
  }
}