{
    "automation": {
        "uuid": "a7a10ad2-7702-4aad-b916-eabfd5bc3770",
        "type": "emsure-automation",
        "name": "IndiaSEBIDailyHeadlines",
        "version": "1.0.1",
        "docker": {
            "image": "indiasebidailyheadlines-automation",
            "tag": "1.0.1"
        }
    },
    "build": {
        "type": "docker",
        "docker": {
            "src_root": "src",
            "docker_file": "Dockerfile",
            "image": "indiasebidailyheadlines-automation",
            "updatelatest": true
        }
    },
    "configuration": [
        {
            "env": "dev",
            "files": [
                {
                    "path": "config/workflow_dev.config",
                    "alias": "workflow",
                    "hash": "502cb986cefd261816c4e9274c65c3bf"
                }
            ]
        }
    ],
    "userdata": {
        "namevaluepairs": [
            {
                "key": "CIRCULAR_KEYWORDS",
                "value": "ESG|Equity Derivatives|REITs|InvITs|FPIs|AIFs|Foreign Portfolio Investors|Listing Obligations and Disclosure Requirements|Mutual Funds|Asset Management Company|Funds|Fund|Relaxation|Algorithmic Trading|Offshore Derivative Instruments|ODIs|Bonds|Bond|Debt|Trading|Credit Default Swaps|CDS|Credit Rating Agencies|CRAs|Market Infrastructure Institutions|MII|MIIs|Initial Public Offer|Modification|OFS|Introduction|Stock Brokers|Derivative|Derivatives|Listed Entities|Extension|Measures|Investment|Futures|Commodities|Commodity",
                "caption": "Keywords required to publish circular story. Cannot be empty.",
                "description": "If these keywords are present in the title the automation will publish story for circular.User can separate multiple keywords or phrases using pipe. For example for multiple phrases & keyword the  value will look like THIS IS PHRASE 1|KEYWORD1|SAMPLE PHARASE 2|KEYWORD2|KEYWORD3. In case there is only one keyword or phrase no need to give the | symbol. Then it can be written as THIS IS PHRASE 1 or KEYWORD1. If this is empty no Circular story or alert will be published."
            },
            {
                "key": "FORCE_FILING_DATE",
                "value": "",
                "caption": "FORCE_FILING_DATE_dd-MM-yyyy",
                "description": "Need to give Force filing date when force filing with FORCE_FILING_URL_JSON in dd-MM-yyyy format : 24-08-2022"
            },
            {
                "key": "FORCE_FILING_SWITCH",
                "value": "OFF",
                "caption": "Force filing Switch. OFF during live run.",
                "description": "Need to give this value as ON when force filing. OFF during live run"
            },
            {
                "key": "FORCE_FILLING_URL_ALL_RELEASE_LIST",
                "value": "",
                "caption": "Force filling URL for source ALL_RELEASE_LIST. Empty during live run.",
                "description": "This setting will have the URL using which we need to do force filing for source ALL_RELEASE_LIST. Ex : https://www.sebi.gov.in/sebiweb/home/HomeAction.do?doListingAll=yes"
            },
            {
                "key": "FORCE_FILLING_URL_CIRCULARS_LIST",
                "value": "",
                "caption": "Force filling URL for source CIRCULARS_LIST. Empty during live run.",
                "description": "This setting will have the URL using which we need to do force filing for source CIRCULARS_LIST. Ex : https://www.sebi.gov.in/sebiweb/home/HomeAction.do?doListing=yes&sid=1&ssid=7&smid=0"
            },
            {
                "key": "FORCE_FILLING_URL_REPORTS_LIST",
                "value": "",
                "caption": "Force filling URL for source REPORTS_LIST. Empty during live run.",
                "description": "This setting will have the URL using which we need to do force filing for source REPORTS_LIST. Ex : https://www.sebi.gov.in/sebiweb/home/HomeAction.do?doListing=yes&sid=4&ssid=38&smid=35"
            },
            {
                "key": "FORCE_FILLING_URL_ORDERS_list",
                "value": "",
                "caption": "Force filling URL for source ORDERS_list. Empty during live run.",
                "description": "This setting will have the URL using which we need to do force filing for source ORDERS_list. Ex : https://www.sebi.gov.in/sebiweb/home/HomeAction.do?doListing=yes&sid=2&ssid=9&smid=2"
            },
            {
                "key": "FORCE_FILLING_URL_PRESS_RELEASE_LIST",
                "value": "",
                "caption": "Force filling URL for source PRESS_RELEASE_LIST. Empty during live run.",
                "description": "This setting will have the URL using which we need to do force filing for source PRESS_RELEASE_LIST. Ex : https://www.sebi.gov.in/sebiweb/home/HomeAction.do?doListing=yes&sid=6&ssid=23&smid=0"
            },
            {
                "key": "PRESS_RELEASE_KEYWORDS",
                "value": "Study|study|statement|SEBI Board Meting|Commodity Derivatives Segment|Commodities|Commodity|Clarification|Clarifies|Advisory|FPI|FPIs|Foreign Portfolio Investors|Annual Report|Working Group|Working Groups|Whole Time Member|Chairperson|Chairman|Mandates|Disclosure|Analysis|Consultation Paper|Committee|Issues|Allows|Search and seizure|Conducts|Constitutes|Directions|Recognition|Unregulated|Circular|Seeks report|Appointment|Discussion Paper",
                "caption": "Keywords required to publish press release story",
                "description": "If these keywords are present in the title the automation will publish story for press release.User can separate multiple keywords or phrases using pipe. For example for multiple phrases & keyword the  value will look like THIS IS PHRASE 1|KEYWORD1|SAMPLE PHARASE 2|KEYWORD2|KEYWORD3. In case there is only one keyword or phrase no need to give the | symbol. Then it can be written as THIS IS PHRASE 1 or KEYWORD1. If this is empty no Press Release story will be published."
            },
            {
                "key": "USN_APAC_DEFAULT_ID",
                "value": "",
                "caption": "Mapped USN for PUB_AGENT_AMER agent",
                "description": "Mapped USN for PUB_AGENT_AMER agent"
            }
        ]
    },
    "schedules": [
        {
            "envs": [
                "prd",
                "stg"
            ],
            "regions": [
                "APAC",
				"SING"
            ],
            "deployment_type": "once",
            "path": "schedule.json"
        },
        {
            "envs": [
                "qa"
            ],
            "regions": [
                "EMEA"
            ],
            "deployment_type": "once",
            "path": "schedule.json"
        },
        {
            "envs": [
                "dev"
            ],
            "regions": [
                "EMEA"
            ],
            "deployment_type": "once",
            "path": "schedule-dev.json"
        }
    ]
}